certification,keyword
PMP,pmp
PMP,project management professional
CAPM,capm
CAPM,certified associate in project management
CSM,certified scrum master
CSM,certified scrummaster
AWS Certified Cloud Practitioner,aws certified cloud practitioner
AWS Certified Solutions Architect,aws certified solutions architect
Microsoft Azure Fundamentals,azure fundamentals
Microsoft Azure Fundamentals,az-900
Google Data Analytics,google data analytics
Google Project Management,google project management
PL-300,pl-300
PL-300,microsoft power bi data analyst
Six Sigma Yellow Belt,six sigma yellow belt
Six Sigma Green Belt,six sigma green belt
Six Sigma Black Belt,six sigma black belt
CFA,cfa
CFA,chartered financial analyst
CPA,cpa
CPA,certified public accountant
SHRM-CP,shrm-cp
SHRM-CP,shrm certified professional